timestamps,open,high,low,close,volume,amount
2020-01-02,92.72273,94.08741,92.39409,94.00916,108211630.0,10096507000.0
2020-01-03,93.007545,94.08113,92.8041,93.095184,116871750.0,10897939000.0
2020-01-06,91.95589,93.887085,91.63036,93.837,94558860.0,8777671000.0
2020-01-07,93.849525,94.181305,93.110855,93.39568,86958830.0,8142333000.0
2020-01-08,93.01068,95.289314,93.01068,94.89806,105495016.0,9922037000.0
2020-01-09,96.16572,97.164185,95.8402,96.91379,135869900.0,13114295000.0
2020-01-10,97.217384,97.865295,96.481834,97.13287,112336584.0,10916234000.0
2020-01-13,97.5429,99.242485,97.38953,99.208046,97070710.0,9546491000.0
2020-01-14,99.126686,99.398994,97.7088,97.86842,129357096.0,12745002000.0
2020-01-15,97.608635,98.751076,96.88873,97.449,97383490.0,9511870000.0
2020-01-16,98.15326,98.81369,97.68376,98.66971,86924650.0,8547309600.0
2020-01-17,98.99208,99.76519,98.59458,99.76207,110077464.0,10928323000.0
2020-01-21,99.280045,99.85283,98.90758,99.08599,88533290.0,8789728000.0
2020-01-22,99.71511,100.15644,99.317604,99.43968,81336130.0,8105731600.0
2020-01-23,99.50854,100.02185,98.79803,99.91857,83444450.0,8307875300.0
2020-01-24,100.23782,101.20186,99.38333,99.63061,117043310.0,11717604000.0
2020-01-27,97.04836,97.58359,95.42703,96.700935,129345600.0,12506423000.0
2020-01-28,97.84338,99.65877,97.71505,99.43655,129580430.0,12784851000.0
2020-01-29,101.55243,102.61662,100.59152,101.518,172707740.0,17541863000.0
2020-01-30,100.32858,101.43973,99.76832,101.370865,101233030.0,10196887000.0
2020-01-31,100.45067,100.99841,96.49437,96.87623,159416320.0,15735175000.0
2020-02-03,95.24549,98.12195,94.59445,96.61017,138966740.0,13360681000.0
2020-02-04,98.69161,100.0469,98.16577,99.79963,109118990.0,10821983000.0
2020-02-05,101.26133,101.64945,99.83093,100.613434,94909980.0,9570607000.0
2020-02-06,100.963974,101.79342,100.24095,101.79029,84206110.0,8521419300.0
2020-02-07,101.14085,101.464,99.7698,100.40669,93774660.0,9442670000.0
2020-02-10,98.571304,100.883575,98.46777,100.883575,87132880.0,8687284000.0
2020-02-11,101.52676,101.62087,99.99255,100.27492,75159960.0,7580165600.0
2020-02-12,100.85848,102.66249,100.85848,102.65622,90624290.0,9221830000.0
2020-02-13,101.71185,102.34875,101.44831,101.92519,75498140.0,7690130000.0
2020-02-14,101.884415,102.27346,101.29144,101.9503,63837268.0,6501819400.0
2020-02-18,98.94151,100.31885,98.70621,100.08354,121542100.0,12094962000.0
2020-02-19,100.39728,101.83108,100.39728,101.53302,74889680.0,7566828000.0
2020-02-20,101.222435,101.856186,99.83569,100.49141,80134430.0,8081671700.0
2020-02-21,99.964325,100.538475,97.41675,98.21678,103233064.0,10223592000.0
2020-02-24,93.2628,95.43389,90.74346,93.55144,177052770.0,16509797000.0
2020-02-25,94.42051,94.916214,89.77086,90.382645,183808640.0,16978874000.0
2020-02-26,89.896355,93.45732,89.88695,91.81645,157816860.0,14403040000.0
2020-02-27,88.19274,89.73007,85.63888,85.814575,255469540.0,22313748000.0
2020-02-28,80.71314,87.34878,80.43391,85.76437,340156450.0,28425190000.0
2020-03-02,88.56295,94.574234,87.132286,93.74909,272037020.0,24756632000.0
2020-03-03,95.27389,95.37742,89.66732,90.7717,254569120.0,23617034000.0
2020-03-04,93.00553,95.18916,91.96705,94.98209,174648880.0,16379612000.0
2020-03-05,92.71688,93.98126,91.42741,91.90116,149464450.0,13826460000.0
2020-03-06,88.4751,91.2423,88.23352,90.6807,180225440.0,16158635000.0
2020-03-09,82.74933,87.24838,82.51402,83.50859,228488080.0,19194160000.0
2020-03-10,86.95033,89.868126,84.51256,89.52301,227328850.0,19939810000.0
2020-03-11,87.02877,88.23039,85.29377,86.413826,203669870.0,17666669000.0
2020-03-12,80.299,84.710205,77.80789,77.88005,333454430.0,26734471000.0
2020-03-13,83.106995,87.82253,79.360916,87.21073,295411970.0,24925473000.0
2020-03-16,75.90975,81.28414,75.29796,75.991325,256918200.0,19813736000.0
2020-03-17,77.65415,80.82294,74.79597,79.33267,258218960.0,20180180000.0
2020-03-18,75.2258,78.43538,74.39439,77.39062,239236430.0,18268465000.0
2020-03-19,77.61651,79.3264,76.11682,76.797646,216625150.0,16780724000.0
2020-03-20,77.55062,79.00952,71.53306,71.922104,320082940.0,24007447000.0
2020-03-23,71.55817,71.68993,66.70458,70.39418,268336200.0,18806802000.0
2020-03-24,74.15594,77.71063,73.509636,77.456505,229114740.0,17345860000.0
2020-03-25,78.670685,81.02374,76.64705,77.029816,241920500.0,18952733000.0
2020-03-26,77.34356,81.15865,77.29336,81.08335,200871730.0,15913003000.0
2020-03-27,79.298164,80.27704,77.50984,77.726326,162726940.0,12807073000.0
2020-03-30,78.66755,80.16723,78.24713,79.94447,133849360.0,10608444000.0
2020-03-31,80.19233,82.354004,79.06286,79.78133,156977950.0,12612806000.0
2020-04-01,77.33728,78.03378,75.02501,75.583466,140416860.0,10741172000.0
2020-04-02,75.40463,76.91373,74.32536,76.8447,132221910.0,10031955000.0
2020-04-03,76.176445,77.08629,74.97481,75.74034,103492840.0,7864883000.0
2020-04-06,78.717735,82.54852,78.24085,82.34773,160817420.0,12939967000.0
2020-04-07,84.96119,85.24357,81.25905,81.39395,161667490.0,13453069000.0
2020-04-08,82.43244,83.88506,81.958694,83.4772,134581490.0,11161968000.0
2020-04-09,84.30235,84.73218,83.047386,84.07959,129179900.0,10856327000.0
2020-04-13,84.17999,85.87106,83.40191,85.72987,104403460.0,8852965000.0
2020-04-14,87.84762,90.43599,87.235825,90.059494,155378540.0,13812334000.0
2020-04-15,88.6006,89.8336,88.04528,89.237495,104508330.0,9293847000.0
2020-04-16,90.16303,90.4203,88.584915,89.94655,125202760.0,11240541000.0
2020-04-17,89.31906,90.02812,86.862465,88.72609,171518610.0,15219521000.0
2020-04-20,87.20445,88.3747,86.85934,86.88443,103600580.0,9047514000.0
2020-04-21,86.6805,86.984825,83.2764,84.1988,144220340.0,12299850000.0
2020-04-22,85.84281,87.18877,85.400444,86.62403,93275190.0,8046292500.0
2020-04-23,86.55187,88.396675,86.23813,86.28833,99456390.0,8639653000.0
2020-04-24,86.96915,88.791985,86.906395,88.779434,100806550.0,8857039000.0
2020-04-27,88.412346,89.272,87.83193,88.84218,93299420.0,8265360000.0
2020-04-28,89.44142,89.67673,87.28289,87.4021,89249270.0,7894168000.0
2020-04-29,89.33163,90.88151,89.068085,90.27285,109390050.0,9832910000.0
2020-04-30,90.97248,92.40628,90.46736,92.177246,145871680.0,13348111000.0
2020-05-01,89.808495,93.8087,89.68301,90.69325,47932936.0,4361819000.0
2020-05-04,90.72463,92.142746,89.83047,91.97646,26607892.0,2425803800.0
2020-05-05,92.57256,94.43619,92.384315,93.35692,29433308.0,2742816500.0
2020-05-06,94.26677,95.13898,93.76792,94.320114,28354074.0,2675871500.0
2020-05-07,95.1327,95.74449,94.74052,95.29584,22951858.0,2185668400.0
2020-05-08,96.938774,98.432625,96.5106,98.362854,26415148.0,2577094000.0
2020-05-11,97.718994,100.557625,97.44622,99.910614,28759818.0,2844586500.0
2020-05-12,100.805016,101.39495,98.61023,98.76881,31982654.0,3194899000.0
2020-05-13,99.003525,100.20876,96.16805,97.57628,39534124.0,3883798800.0
2020-05-14,96.58037,98.255005,95.63521,98.17571,31318174.0,3042923000.0
2020-05-15,95.260956,97.655556,95.216545,97.59529,32759768.0,3159092700.0
2020-05-18,99.32703,100.38319,98.4231,99.89475,106704530.0,10617849000.0
2020-05-19,99.916954,101.023865,99.27628,99.31751,80186280.0,8009298400.0
2020-05-20,100.44028,101.341034,100.389534,101.24906,87891380.0,8864283000.0
2020-05-21,101.06827,101.77555,100.18337,100.4942,80942350.0,8165492700.0
2020-05-22,100.15166,101.24906,100.018456,101.14122,64479700.0,6489243600.0
2020-05-26,102.603355,102.83806,100.383194,100.45614,98940150.0,10049369000.0
2020-05-27,100.26902,101.08413,99.30165,100.89382,89026744.0,8937141000.0
2020-05-28,100.46883,102.58433,100.10726,100.93823,105276570.0,10635530000.0
2020-05-29,101.2554,101.85802,100.37368,100.83991,121070480.0,12238015000.0
2020-06-01,100.779655,102.23862,100.60838,102.08004,63682012.0,6459054600.0
2020-06-02,101.73115,102.58433,101.15391,102.55261,69082650.0,7046810000.0
2020-06-03,102.971275,103.45972,102.222755,103.11717,82363050.0,8478677500.0
2020-06-04,102.88564,103.27576,101.74067,102.22911,69017700.0,7076577000.0
2020-06-05,102.55579,105.21999,102.51774,105.1407,108184820.0,11235918000.0
2020-06-08,104.74423,105.80674,103.81493,105.76233,75397624.0,7919167500.0
2020-06-09,105.34368,109.615906,105.30245,109.1021,116431280.0,12497854000.0
2020-06-10,110.34222,112.52115,109.76814,111.90902,131359720.0,14598681000.0
2020-06-11,110.78943,111.34447,106.403015,106.536224,158956260.0,17289400000.0
2020-06-12,109.33364,110.31051,106.00339,107.45601,157761000.0,17081710000.0
2020-06-15,105.69573,109.63811,105.48322,108.78493,109413200.0,11751032000.0
2020-06-16,111.47133,112.02321,109.33363,111.66797,130395870.0,14490116000.0
2020-06-17,112.64168,112.72097,111.35398,111.512566,90178504.0,10105160000.0
2020-06-18,111.45548,112.1025,110.76089,111.55698,76316696.0,8506943000.0
2020-06-19,112.47993,113.08888,109.47001,110.919464,208467800.0,23241986000.0
2020-06-22,111.43327,114.00866,111.37301,113.82153,106761910.0,12027703000.0
2020-06-23,115.4486,118.10646,114.8999,116.25103,167227310.0,19427883000.0
2020-06-24,115.76577,116.967834,113.710526,114.19897,151831300.0,17485010000.0
2020-06-25,114.401955,115.76577,113.409225,115.71502,108399220.0,12446723000.0
2020-06-26,115.57864,115.86727,111.96612,112.15959,161789470.0,18426675000.0
2020-06-29,112.03906,114.868195,111.414246,114.74449,102979030.0,11664074000.0
2020-06-30,114.2053,116.07659,114.17993,115.702324,110528070.0,12715264000.0
2020-07-01,115.803825,116.514275,115.42006,115.48348,87286340.0,10108230000.0
2020-07-02,116.66969,117.50067,115.33443,115.48348,89890960.0,10449561000.0
2020-07-06,117.3516,119.18482,117.31037,118.57269,93527850.0,11046095000.0
2020-07-07,119.067474,120.08558,118.05889,118.20478,88616230.0,10532409000.0
2020-07-08,119.48296,120.999016,119.368774,120.95779,92295380.0,11094102000.0
2020-07-09,122.124954,122.19473,120.10778,121.47794,99035370.0,12030455000.0
2020-07-10,120.94827,121.76657,120.14902,121.690445,71143390.0,8618209000.0
2020-07-13,123.3968,126.80951,120.84995,121.12906,151063550.0,18587816000.0
2020-07-14,120.320274,123.38411,119.0992,123.13355,134778740.0,16373498000.0
2020-07-15,125.58524,125.91192,122.413574,123.98038,120755190.0,15030734000.0
2020-07-16,122.50556,123.57441,121.67141,122.45481,87160530.0,10681657000.0
2020-07-17,123.04475,123.24773,121.58894,122.20743,72664360.0,8902998000.0
2020-07-20,122.32161,124.96361,121.87123,124.782814,71191310.0,8791045000.0
2020-07-21,125.81677,125.91509,122.73392,123.06059,81696840.0,10161583000.0
2020-07-22,122.67047,124.29754,122.5563,123.4063,70153700.0,8645226000.0
2020-07-23,123.05743,123.15892,116.72996,117.78929,155284690.0,18662720000.0
2020-07-24,115.43275,117.947876,113.09522,117.4975,146168340.0,16954552000.0
2020-07-27,118.88668,120.40274,118.594894,120.28221,95544460.0,11421542000.0
2020-07-28,119.72084,119.95237,118.29993,118.306274,81680760.0,9725716000.0
2020-07-29,118.93743,120.81506,118.889854,120.57401,71200140.0,8530068500.0
2020-07-30,119.49248,122.169365,118.95964,122.03298,124642740.0,15039842000.0
2020-07-31,130.5267,135.0051,127.913246,134.80846,295063330.0,38967060000.0
2020-08-03,137.26965,141.63069,136.87955,138.20529,242893890.0,33639903000.0
2020-08-04,138.45268,140.55551,137.50752,139.12825,136420140.0,18950257000.0
2020-08-05,138.7635,140.05121,138.15454,139.63254,96157704.0,13380388000.0
2020-08-06,140.06706,145.15125,139.29634,144.50421,159560370.0,22698215000.0
2020-08-07,143.87828,144.47563,140.17662,141.21881,155824450.0,22195218000.0
2020-08-10,143.10934,144.60272,139.80487,143.2714,167121470.0,23847746000.0
2020-08-11,142.30864,142.96,138.67053,139.01051,147843660.0,20807137000.0
2020-08-12,140.43716,143.96724,140.18298,143.63045,130567180.0,18547650000.0
2020-08-13,145.4352,147.4846,144.79654,146.17235,165294820.0,24128442000.0
2020-08-14,145.94359,146.15964,143.67493,146.04208,130268504.0,18948210000.0
2020-08-17,147.51003,147.5418,144.84102,145.66078,94072376.0,13771104000.0
2020-08-18,145.3367,147.43059,144.89822,146.87456,83113670.0,12145818000.0
2020-08-19,147.40834,148.90807,146.93492,147.05884,114510890.0,16899236000.0
2020-08-20,147.11285,150.47134,147.0906,150.322,99851976.0,14852902000.0
2020-08-21,151.57707,158.70076,151.56119,158.06847,265985220.0,41221554000.0
2020-08-24,163.56851,163.67973,157.51878,159.95901,272187500.0,43871592000.0
2020-08-25,158.48471,159.09795,156.39398,158.64676,166407040.0,26318248000.0
2020-08-26,160.3689,161.40155,158.97403,160.8042,128267800.0,20572510000.0
2020-08-27,161.5922,162.0275,157.38533,158.88188,122390330.0,19578993000.0
2020-08-28,160.156,160.70251,158.3322,158.62451,147629330.0,23540058000.0
2020-08-31,162.14822,166.49489,160.14012,164.00381,177585360.0,28981359000.0
2020-09-01,168.73177,171.32452,165.89754,170.53651,119965144.0,20288813000.0
2020-09-02,174.87047,175.36615,161.41109,167.00327,157455800.0,26714386000.0
2020-09-03,161.29669,163.74962,153.14987,153.63284,202682190.0,32015124000.0
2020-09-04,152.60336,157.21692,140.93602,153.73451,261698980.0,39548654000.0
2020-09-08,144.82513,151.23074,143.21103,143.38896,182041760.0,26516926000.0
2020-09-09,149.032,151.42139,146.49008,149.10825,139218720.0,20745388000.0
2020-09-10,152.97195,153.14989,142.98225,144.2405,143415490.0,21273698000.0
2020-09-11,145.61313,146.45197,139.80487,142.34677,142302860.0,20428171000.0
2020-09-14,145.80377,147.34161,143.36354,146.61717,110271630.0,16075567000.0
2020-09-15,150.39192,151.02739,144.39302,146.84596,145278340.0,21525103000.0
2020-09-16,146.45197,147.4306,142.39761,142.51201,121703120.0,17610203000.0
2020-09-17,139.449,142.60097,138.16534,140.237,140061000.0,19624378000.0
2020-09-18,140.31326,140.92331,134.83543,135.78865,225897260.0,31165954000.0
2020-09-21,132.86546,140.04636,131.0353,139.90654,153989760.0,20936972000.0
2020-09-22,143.21103,143.4398,138.73727,142.1053,144029980.0,20434016000.0
2020-09-23,141.86382,142.48657,135.69968,136.14452,118587130.0,16489380000.0
2020-09-24,133.66617,140.1226,133.4501,137.54257,131982264.0,17975372000.0
2020-09-25,137.80948,142.906,136.84355,142.70265,118007000.0,16528699000.0
2020-09-28,146.17235,146.56635,143.33812,146.1088,108322140.0,15765900000.0
2020-09-29,145.5877,146.55363,144.34218,145.00307,78195000.0,11367336000.0
2020-09-30,144.62178,149.032,144.40573,147.1891,112258410.0,16424769000.0
2020-10-01,149.51495,149.61664,147.21454,148.43465,91364800.0,13585506000.0
2020-10-02,143.47794,146.6299,142.62639,143.64314,113860984.0,16406724000.0
2020-10-05,144.7743,148.25671,144.31676,148.06607,83593784.0,12234239000.0
2020-10-06,147.0493,147.58311,142.66452,143.82109,127068550.0,18460457000.0
2020-10-07,145.67668,146.85867,145.05391,146.26132,76201850.0,11122623000.0
2020-10-08,147.74832,147.93896,145.63853,146.1215,65680776.0,9645999000.0
2020-10-09,146.5155,148.70154,146.05795,148.66342,79079930.0,11663072000.0
2020-10-12,152.59067,159.09795,151.59932,158.1066,189013070.0,29362921000.0
2020-10-13,159.21233,159.36485,152.06958,153.91246,206404500.0,32227957000.0
2020-10-14,153.78535,156.36539,152.03145,154.02684,118857470.0,18310263000.0
2020-10-15,150.88759,154.03955,150.16315,153.41678,88562810.0,13472774000.0
2020-10-16,154.14122,154.48439,151.00197,151.26886,90793100.0,13866295000.0
2020-10-19,152.46356,153.0482,146.99847,147.40517,94920320.0,14236040000.0
2020-10-20,147.68478,151.21803,146.96033,149.34973,97897930.0,14567527000.0
2020-10-21,148.28214,150.87488,148.00252,148.53633,70770500.0,10539423000.0
2020-10-22,149.27347,150.02333,145.63853,147.11285,80245270.0,11877267000.0
2020-10-23,147.92627,148.12962,145.24455,146.21048,64969024.0,9542503000.0
2020-10-26,144.9014,148.12961,143.46521,146.22319,88005350.0,12820607000.0
2020-10-27,146.7824,149.0574,145.575,148.19316,72604400.0,10702033000.0
2020-10-28,146.22319,146.70615,141.20291,141.33,113251840.0,16293039000.0
2020-10-29,142.81703,148.61258,142.60097,146.56635,114976056.0,16688686000.0
2020-10-30,141.15208,142.33406,136.9071,138.35599,149708560.0,20912386000.0
2020-11-02,138.67372,140.66911,136.39871,138.2416,96673016.0,13388805000.0
2020-11-03,139.37276,141.6986,138.19077,140.36409,84680056.0,11847295000.0
2020-11-04,145.06662,146.9095,142.79161,146.09608,108765200.0,15794442000.0
2020-11-05,149.90895,152.03145,148.53633,151.28159,99442750.0,14960125000.0
2020-11-06,150.63864,151.759,147.85045,151.10971,89901624.0,13515761000.0
2020-11-09,153.41411,155.31108,147.74861,148.09235,121364940.0,18343285000.0
2020-11-10,147.11203,149.70924,145.30415,147.64676,108411280.0,15984490000.0
